Title,Price,Star Rating
Liquid I.V.® Hydration Multiplier - Lemon Lime,$23.46,4.6 out of 5 stars
LMNT Zero Sugar Electrolytes - Watermelon Salt,$44.30,4.6 out of 5 stars
Nutricost Creatine Monohydrate Micronized Powder 500G,$21.50,4.6 out of 5 stars
Optimum Nutrition Gold Standard 100% Whey Protein Powder,$37.32,4.6 out of 5 stars
Quest Nutrition Chocolate Chip Dough Cookie Protein Bars,$24.78,4.4 out of 5 stars
Pure Protein Bars,$11.29,4.3 out of 5 stars
Ultima Replenisher Daily Electrolyte Powder Drink Mix – Sugar Free – Original Variety,$20.99,4.5 out of 5 stars
Drink LMNT Zero Sugar Electrolytes - Variety Pack,$22.99,4.5 out of 5 stars
Optimum Nutrition Micronized Creatine Monohydrate Powder,$27.96,4.6 out of 5 stars
Liquid I.V. Sugar-Free Hydration Multiplier - Lemon Lime – Hydration Powder Packets,$20.50,4.5 out of 5 stars
THORNE Creatine,$43.00,4.6 out of 5 stars
Nuun Sport Electrolyte Tablets with Magnesium,$23.98,4.4 out of 5 stars
Premier Protein Powder,$16.62,4.5 out of 5 stars
Quest Nutrition Tortilla Style Protein Chips Variety Pack,$29.98,4.5 out of 5 stars
Orgain Organic Vegan Protein Powder,$29.97,4.4 out of 5 stars
BulkSupplements.com Creatine Monohydrate Powder - Micronized Creatine Powder,$24.97,4.6 out of 5 stars
Barebells Protein Bars Variety Pack - 12 Count,$29.98,4.4 out of 5 stars
Dymatize ISO100 Whey Protein Powder Isolate,$33.43,4.4 out of 5 stars
PreserVision AREDS 2 Eye Vitamins,$33.89,4.6 out of 5 stars
Ultima Replenisher Daily Electrolyte Powder Drink Mix – Sugar Free – Lemonade,$44.99,4.7 out of 5 stars
REDMOND Re,$44.99,4.6 out of 5 stars
FlavCity Grass Fed Whey Protein Powder,$59.99,4.2 out of 5 stars
Life Extension Neuro-Mag Magnesium L-Threonate,$29.95,4.6 out of 5 stars
Honey Stinger Organic Honey Waffle,$17.08,4.6 out of 5 stars
Ensure Max Protein Shake | Milk Chocolate | Ready to Drink | 30g Protein for Muscle Health | 1g Sugar,$27.97,4.6 out of 5 stars
Optimum Nutrition Micronized Creatine Monohydrate Capsules,$19.99,4.6 out of 5 stars
Optimum Nutrition Amino Energy - Pre Workout with Green Tea,$39.67,4.5 out of 5 stars
Nectar Hydration Packets,$29.90,4.3 out of 5 stars
Orgain Organic Kids Protein Nutritional Shake,$22.47,4.5 out of 5 stars
Body Fortress 100% Whey,$22.98,4.5 out of 5 stars
